and,2775
the,1733
of,1393
a,1339
with,913
this,857
is,732
wine,566
in,492
flavors,435
to,427
it,397
on,390
its,374
fruit,344
aromas,340
palate,331
finish,280
acidity,260
that,252
from,246
drink,245
but,234
ripe,219
are,210
cherry,203
tannins,200
black,200
notes,182
for,171
by,171
has,167
an,158
fresh,156
rich,154
nose,153
spice,141
red,137
now,134
as,133
berry,127
oak,115
white,114
offers,113
soft,111
through,108
citrus,107
plum,107
apple,105
well,105
dry,104
sweet,102
while,97
crisp,97
blend,96
texture,93
light,93
fruits,92
shows,86
full,85
at,84
more,83
cabernet,83
blackberry,82
pepper,82
good,81
bright,81
vanilla,78
very,76
peach,76
juicy,73
dark,73
some,72
green,72
fruity,71
character,70
dried,69
balanced,69
or,68
spicy,65
touch,63
up,62
long,62
lemon,61
structure,61
sauvignon,61
herb,60
pear,59
chocolate,59
hint,58
raspberry,57
mineral,57
still,56
firm,56
flavor,56
smooth,55
tannic,53
earthy,53
toast,53
concentrated,53
tart,52
not,51
just,51
licorice,51
will,50
all,50
tobacco,50
be,49
orange,49
elegant,49
great,49
wood,49
there,49
lime,48
years,48
into,48
fullbodied,48
creamy,48
pineapple,47
mouth,47
savory,47
give,47
melon,47
out,46
pinot,46
stone,46
dense,46
alongside,45
balance,45
lead,44
clean,44
honey,44
theres,44
opens,43
also,43
herbal,42
fine,42
slightly,41
smoky,41
apricot,41
grapefruit,41
syrah,40
bit,39
merlot,39
coffee,39
style,39
yet,39
ready,39
currant,39
color,39
delivers,39
along,38
which,38
thats,37
made,37
note,37
complex,37
so,37
finishes,36
mouthfeel,36
vintage,36
like,35
attractive,35
vineyard,35
cola,35
than,35
bottling,34
structured,33
show,33
baked,33
feel,33
mature,33
one,33
wines,33
over,32
tight,32
new,32
both,32
lively,32
leather,31
intense,31
lightly,31
cranberry,31
big,31
refreshing,30
easy,30
strawberry,30
hints,30
showing,30
minerality,30
concentration,30
age,30
herbs,29
espresso,29
time,29
blanc,29
cassis,29
body,29
little,29
cherries,28
yellow,28
almond,28
plenty,28
comes,27
dusty,27
flower,27
chardonnay,27
generous,27
freshness,27
delicious,27
aging,27
tropical,26
off,26
roasted,26
then,26
crushed,26
first,26
earth,26
pretty,26
round,26
young,26
blueberry,26
2018,26
toasty,26
bitter,26
way,25
weight,25
toasted,25
spices,25
nice,25
tones,25
smoke,25
tangerine,25
tastes,25
after,25
offering,24
rather,24
you,24
carry,24
zesty,24
simple,24
enough,24
tangy,24
richness,24
feels,24
cedar,24
best,24
noir,24
core,24
depth,23
clove,23
bold,23
followed,23
few,23
glass,23
bottle,23
floral,23
layers,23
estate,23
giving,22
much,22
together,22
pair,22
grape,22
alcohol,22
edge,22
strong,21
franc,21
mix,21
anise,21
touches,21
expression,21
gives,21
quite,21
here,21
come,21
complexity,21
scents,21
perfumed,21
almost,20
aftertaste,20
riesling,20
lean,20
berries,20
sweetness,20
most,20
jammy,20
smoked,20
make,20
fragrant,20
should,20
tea,20
if,19
candied,19
peppery,19
mint,19
delicate,19
meat,19
medium,19
barrel,19
variety,19
grilled,19
mocha,19
flowers,19
cinnamon,19
solid,19
varietal,19
lingering,19
lush,19
price,19
before,19
whiff,18
oaky,18
vineyards,18
backed,18
wild,18
leaf,18
warm,18
right,18
length,18
vibrant,18
2020,18
nectarine,18
silky,18
rose,18
valley,18
can,18
makes,18
was,17
bodied,17
classic,17
around,17
open,17
grapes,17
brings,17
caramel,17
hard,17
beef,17
pleasant,17
malbec,17
side,17
sangiovese,17
drinking,17
blackberries,17
thick,17
pure,17
aromatic,17
prosecco,17
blossom,16
heres,16
finishing,16
racy,16
sour,16
plums,16
prune,16
cocoa,16
quality,16
petit,16
provides,16
textured,16
seems,16
deep,16
integrated,16
mediumbodied,16
perfect,16
petite,16
sirah,16
citrusy,16
focused,16
impressive,16
2017,16
peel,16
although,15
accents,15
ample,15
months,15
sugar,15
would,15
plump,15
verdot,15
sip,15
rounded,15
intensity,15
2019,15
zest,15
lovely,15
interesting,15
beautiful,15
purple,15
raisin,15
velvety,15
food,14
supple,14
end,14
taut,14
drying,14
cut,14
wet,14
honeysuckle,14
somewhat,14
does,14
tannin,14
overall,14
sense,14
chopped,14
subtle,14
lots,14
have,14
spiced,14
heavy,14
appealing,14
sparkler,14
brisk,13
thyme,13
currants,13
adds,13
packed,13
lot,13
even,13
mild,13
polished,13
dill,13
vines,13
enjoy,13
powerful,13
elegance,13
tomato,13
nutmeg,13
mouthwatering,13
nicely,13
forward,13
sage,12
across,12
fairly,12
15,12
accented,12
coconut,12
other,12
forest,12
lychee,12
bouquet,12
intriguing,12
high,12
juice,12
aged,12
apples,12
10,12
where,12
between,12
refined,12
cellar,12
power,12
too,12
acids,12
grenache,12
two,12
low,12
already,11
better,11
opulent,11
mango,11
layered,11
chalky,11
bean,11
menthol,11
soon,11
straightforward,11
sharp,11
streak,11
gentle,11
same,11
pink,11
underbrush,11
richly,11
french,11
close,11
potential,11
freshly,11
pears,11
20,11
lift,11
100,11
30,11
framed,11
their,11
next,11
lifted,11
moderate,11
star,11
exotic,11
peaches,11
luminous,11
year,11
plush,11
tasty,11
could,11
bacon,11
raspberries,11
fig,11
cool,11
without,11
pith,10
rustic,10
pleasantly,10
aroma,10
approachable,10
back,10
floor,10
grass,10
gooseberry,10
ripeness,10
jam,10
natural,10
50,10
syrupy,10
graphite,10
golden,10
broad,10
wrapped,10
against,10
cream,10
baking,10
tar,10
intensely,10
inviting,10
frame,10
tightly,10
run,10
meats,10
enticing,10
elements,10
once,10
doesnt,10
screwcap,10
another,10
fruitiness,10
yeast,10
lingers,10
family,10
expressive,9
rind,9
fermented,9
astringent,9
accent,9
strongly,9
otherwise,9
cigar,9
california,9
range,9
raw,9
mingle,9
midpalate,9
provide,9
suggest,9
sauce,9
mellow,9
varieties,9
slowly,9
kiwi,9
fleshy,9
yeasty,9
2015,9
add,9
lend,9
grown,9
violet,9
holds,9
produced,9
succulent,9
pie,9
deliciously,9
olive,9
cab,9
find,9
lavender,9
packs,9
support,9
winerys,9
nut,9
chunky,9
blended,9
decadent,9
leathery,9
only,9
further,9
extra,9
any,9
lemony,9
include,8
dominate,8
start,8
informal,8
restrained,8
backbone,8
throughout,8
winery,8
set,8
redberry,8
features,8
mildly,8
profile,8
meaty,8
hot,8
charred,8
value,8
passion,8
flat,8
small,8
jasmine,8
bitterness,8
short,8
asian,8
seafood,8
punch,8
slight,8
brown,8
champagne,8
particularly,8
pencil,8
tone,8
front,8
salty,8
balancing,8
nuances,8
perfectly,8
lightbodied,8
subdued,8
marks,8
bordeaux,8
they,8
pressed,8
though,8
acidic,8
butter,8
grip,8
5,8
compelling,8
early,8
least,8
luscious,8
density,8
finegrained,8
grippy,8
2022,8
gorgeous,8
old,8
making,8
smells,8
things,8
example,8
almonds,8
tonic,8
feeling,8
northern,8
rosé,8
napa,8
dont,8
milk,8
sandalwood,8
personality,8
wonderfully,8
goes,8
isnt,7
overly,7
drinkable,7
rough,7
hearty,7
typical,7
offdry,7
distinctive,7
balsamic,7
top,7
recall,7
extracted,7
robust,7
cake,7
form,7
many,7
mixed,7
oily,7
grassy,7
easygoing,7
gritty,7
cardamom,7
briny,7
meet,7
raisiny,7
region,7
healthy,7
waft,7
shy,7
leaves,7
take,7
five,7
satisfying,7
boasts,7
petrol,7
zinfandel,7
keeping,7
world,7
shiraz,7
sophisticated,7
violets,7
three,7
needs,7
been,7
summer,7
adding,7
leaving,7
planted,7
who,7
slate,7
place,7
last,7
dishes,7
italy,7
what,7
ends,7
may,7
heft,7
excellent,7
saturated,7
pleasing,7
improve,7
moderately,7
woodsy,7
minty,7
mushroom,7
future,7
your,7
down,7
despite,7
no,7
nutty,7
bracing,7
seem,7
keep,7
coming,7
linger,7
grabby,6
supported,6
complete,6
box,6
dominated,6
six,6
appeal,6
molasses,6
extract,6
entry,6
nature,6
sleek,6
site,6
chenin,6
sourced,6
several,6
background,6
nero,6
viognier,6
cured,6
chewy,6
play,6
plus,6
starting,6
redcherry,6
added,6
herbaceous,6
brooding,6
salt,6
hay,6
char,6
blackskinned,6
release,6
reveals,6
overripe,6
nuts,6
mark,6
known,6
immediately,6
addition,6
honeydew,6
offer,6
prominent,6
stonefruit,6
get,6
appellation,6
cru,6
marked,6
linear,6
plummy,6
easydrinking,6
defined,6
given,6
nuanced,6
fully,6
huge,6
combines,6
beautifully,6
keeps,6
surprising,6
effort,6
skin,6
barrels,6
buy,6
bone,6
cooked,6
olives,6
overtones,6
harmonious,6
true,6
apéritif,6
apricots,6
loaded,6
mediumweight,6
heat,6
leads,6
waves,6
those,6
easily,6
vein,6
stewed,6
pine,6
acid,6
tasting,6
mountain,6
touched,6
about,6
warmer,6
always,6
fish,6
four,6
italian,6
until,6
especially,6
fun,6
12,6
brut,6
do,6
youll,6
burnt,6
selection,6
ethereal,6
heart,6
property,6
2014,6
vivid,6
go,6
banana,6
serious,6
voluptuous,6
warmth,6
help,6
certainly,5
snappy,5
guava,5
case,5
immediate,5
oakdriven,5
toward,5
peels,5
compact,5
heavily,5
oaked,5
oregon,5
blackcurrant,5
framework,5
1,5
davola,5
part,5
series,5
barbecue,5
modest,5
chicken,5
different,5
leafy,5
blue,5
buttered,5
dinner,5
table,5
fat,5
woody,5
equal,5
pollen,5
remaining,5
might,5
soil,5
caramelized,5
center,5
pop,5
pronounced,5
turn,5
vineyarddesignate,5
bread,5
accessible,5
assertive,5
blends,5
elegantly,5
zippy,5
citric,5
edges,5
ginger,5
heady,5
petals,5
standard,5
cheeses,5
result,5
mostly,5
amounts,5
reserve,5
leading,5
tough,5
dominant,5
beginning,5
lacks,5
stainless,5
kick,5
2023,5
peppercorn,5
bay,5
promising,5
lithe,5
soy,5
boysenberry,5
named,5
lavish,5
element,5
blackened,5
purity,5
quaffable,5
nothing,5
turned,5
when,5
sonoma,5
pineapples,5
borderline,5
vintages,5
starts,5
appearance,5
mouthfilling,5
60,5
flinty,5
fennel,5
thanks,5
coolclimate,5
filling,5
allow,5
southern,5
rubbery,5
surprisingly,5
rhubarb,5
rugged,5
cheese,5
sparkling,5
enjoyment,5
velvet,5
were,5
sturdy,5
flavorful,5
candy,5
fragrance,5
deeply,5
70,5
winemaker,5
displays,5
relatively,5
match,5
nebbiolo,5
sites,5
unique,5
funky,5
promise,5
taste,5
try,5
flavored,5
due,5
blending,5
soften,5
remains,5
consistent,5
stand,5
buttery,5
really,5
gets,5
home,5
aspect,5
reserved,5
focus,5
perfume,5
alluring,5
extremely,5
softly,5
bonedry,5
stage,5
lengthy,5
40,5
need,5
meyer,5
within,5
chocolaty,5
hibiscus,5
rare,5
bite,5
regular,4
2012,4
characteristics,4
reduced,4
buttercream,4
everyday,4
barely,4
wide,4
saucy,4
blackcherry,4
becoming,4
shine,4
bolstered,4
production,4
animal,4
laced,4
base,4
pork,4
splash,4
climate,4
teriyaki,4
farmed,4
brambly,4
onto,4
tannat,4
often,4
grainy,4
densely,4
usual,4
based,4
defines,4
pizza,4
leave,4
producers,4
parts,4
simply,4
such,4
combination,4
dust,4
acacia,4
malvasia,4
pastry,4
plays,4
wealth,4
brawny,4
finished,4
bramble,4
neatly,4
capture,4
each,4
pairing,4
delicately,4
2021,4
lemonlime,4
bianco,4
grigio,4
orchard,4
doles,4
oregano,4
substantial,4
suggesting,4
saline,4
strawberries,4
steely,4
skins,4
rinds,4
viscous,4
crispness,4
cellaring,4
lends,4
potent,4
cases,4
his,4
course,4
midgold,4
follows,4
muted,4
mushrooms,4
barolo,4
trying,4
primary,4
peak,4
steel,4
earthiness,4
finds,4
asphalt,4
miso,4
elderberry,4
gamy,4
pristine,4
sipped,4
layer,4
second,4
sagebrush,4
aromatically,4
syrup,4
wellintegrated,4
2025,4
allspice,4
spritz,4
emerge,4
quickly,4
chilean,4
briary,4
petal,4
atop,4
luxuriously,4
blossoms,4
drinks,4
textural,4
herbaceousness,4
appetizers,4
classico,4
custard,4
above,4
everything,4
chard,4
papaya,4
carmenère,4
usually,4
2007,4
rubber,4
traditional,4
carries,4
persistent,4
alpine,4
develop,4
rhône,4
sémillon,4
barrelfermented,4
verdejo,4
6,4
wound,4
likely,4
de,4
touriga,4
nacional,4
partly,4
powerfully,4
how,4
wellbalanced,4
consumption,4
opening,4
clear,4
bonarda,4
nearly,4
pungent,4
something,4
highlights,4
sort,4
burly,4
probably,4
local,4
zin,4
size,4
blueberries,4
powder,4
additional,4
every,4
work,4
going,4
far,4
mind,4
continue,4
tang,4
figs,4
fudge,4
puts,4
wellmade,4
less,4
mouthful,4
upfront,4
decant,4
produces,4
organically,4
root,4
ones,4
kind,4
foamy,4
softness,4
version,4
effervescence,4
spent,4
lees,4
vegetal,4
instead,4
hold,4
beeswax,4
river,4
saffron,4
honeyed,4
feature,4
hightoned,4
dusting,4
grand,4
name,4
stylish,4
worth,4
wellstructured,4
become,4
terms,4
own,4
butterscotch,4
loads,4
appear,4
late,4
distinct,4
refreshingly,4
closes,4
crisper,4
seamlessly,4
proving,4
minerally,4
running,4
putting,4
having,4
suggests,4
basic,4
scent,4
effect,4
room,4
pomegranate,4
being,4
towards,4
cracked,4
entirely,4
itself,4
tempranillo,4
streaks,4
burn,4
richer,4
totally,4
previous,4
highly,4
generic,4
filled,3
2016,3
nonetheless,3
preserved,3
sprightly,3
resulting,3
sipping,3
driven,3
enjoyed,3
widely,3
oakaged,3
beans,3
using,3
area,3
trace,3
extended,3
muscat,3
2010,3
rosemary,3
label,3
vegetable,3
fare,3
graceful,3
35,3
pinotage,3
nuance,3
brightened,3
bearing,3
interest,3
hits,3
tasted,3
saltiness,3
weighty,3
backing,3
them,3
suited,3
predominantly,3
sea,3
lighter,3
disjointed,3
game,3
ease,3
expect,3
choppy,3
precision,3
pale,3
hue,3
13,3
softened,3
enjoyable,3
charming,3
shape,3
closegrained,3
sooner,3
later,3
grapy,3
ending,3
flint,3
ash,3
65,3
trebbiano,3
spring,3
spearmint,3
marjoram,3
90,3
alicante,3
di,3
juniper,3
sources,3
mandarin,3
generosity,3
le,3
tiny,3
tertiary,3
deal,3
pleasure,3
knit,3
roses,3
now–2020,3
gold,3
marmalade,3
botrytis,3
truffle,3
minerals,3
half,3
sweetly,3
blossomy,3
coats,3
snap,3
developing,3
fascinating,3
tongue,3
eucalyptus,3
judicious,3
graciano,3
lifting,3
loud,3
point,3
exciting,3
exceptional,3
honeycomb,3
south,3
wax,3
lie,3
dates,3
display,3
dominating,3
takes,3
kirsch,3
north,3
soils,3
put,3
multiple,3
including,3
wellknown,3
bursting,3
proportion,3
2008,3
foods,3
seen,3
unusual,3
we,3
chianti,3
strikes,3
piquant,3
edged,3
2006,3
dominates,3
composed,3
whose,3
crisply,3
honest,3
muscular,3
2005,3
act,3
wellcrafted,3
potpourri,3
brioche,3
built,3
stony,3
thought,3
lending,3
seasoned,3
overdone,3
pipe,3
mediterranean,3
pithy,3
chamomile,3
woodgrilled,3
drive,3
gain,3
quince,3
sound,3
ultimately,3
piercing,3
however,3
exhibits,3
points,3
faint,3
modern,3
curd,3
drunk,3
impression,3
finely,3
volatility,3
polish,3
firmly,3
meal,3
2,3
kiss,3
clampy,3
now–2014,3
amount,3
follow,3
scratchy,3
consistency,3
pasta,3
basil,3
thai,3
indian,3
2011,3
penetrating,3
foundation,3
evolve,3
closed,3
oxidized,3
friendly,3
rooty,3
county,3
steak,3
let,3
offset,3
flashy,3
biodynamic,3
means,3
surrounded,3
sipper,3
blast,3
bubbly,3
cheerful,3
salads,3
job,3
equally,3
contains,3
damp,3
tilled,3
grower,3
freshcut,3
line,3
slope,3
poised,3
yes,3
emphasis,3
broaden,3
found,3
bell,3
soave,3
brimming,3
oil,3
lacking,3
limes,3
verve,3
draws,3
precede,3
perlage,3
soda,3
bubbles,3
experience,3
final,3
lost,3
substance,3
waxy,3
watermelon,3
appetizing,3
behind,3
underripe,3
drop,3
retains,3
allowing,3
string,3
since,3
luxurious,3
aromatics,3
cuvée,3
wants,3
cork,3
middle,3
tends,3
redolent,3
cutting,3
resin,3
marcona,3
impressively,3
sharply,3
youthful,3
strength,3
8,3
rolls,3
producer,3
overpowering,3
flush,3
clones,3
pushes,3
decanting,3
signature,3
combining,3
persistence,3
perhaps,3
softer,3
grüner,3
days,3
reduction,3
slender,3
sunny,3
turning,3
varietally,3
wave,3
rioja,3
douro,3
aspects,3
celery,3
zingy,3
blackfruit,3
use,3
woodland,3
château,3
pinots,3
faintly,3
2013,3
onion,3
evolved,3
muddled,3
onedimensional,3
preserves,3
tangerines,3
tad,3
looking,3
these,3
medicinal,3
mixes,3
dosage,3
broom,2
freshened,2
stainlesssteel,2
think,2
companion,2
winter,2
complement,2
picture,2
valuepriced,2
explosion,2
whole,2
winemaking,2
leaner,2
abound,2
quaffer,2
vinegar,2
cheesy,2
braced,2
bolt,2
direct,2
fino,2
rise,2
riper,2
stem,2
fair,2
whether,2
neutral,2
district,2
intermingle,2
hails,2
residual,2
cold,2
similar,2
zealand,2
unoaked,2
dryness,2
create,2
bears,2
80,2
component,2
fills,2
inky,2
ink,2
sicilys,2
stiff,2
festive,2
salad,2
blocks,2
dripping,2
fried,2
casa,2
08,2
tarry,2
grillo,2
deliver,2
falls,2
discern,2
comprised,2
attractively,2
darkfruit,2
benefited,2
village,2
produce,2
gravelly,2
suggestions,2
feet,2
youthfully,2
lightness,2
mediumsweet,2
pulpy,2
concentrate,2
sandy,2
tejo,2
forced,2
albariño,2
leesy,2
lack,2
wait,2
newer,2
surround,2
approach,2
dotted,2
creamsicle,2
intrigue,2
estates,2
struck,2
extend,2
roundness,2
highacid,2
darkskinned,2
mount,2
marshmallow,2
swirling,2
olallieberry,2
kicks,2
tropicality,2
iron,2
begins,2
steam,2
flourish,2
key,2
blackcurrants,2
demands,2
twothirds,2
onethird,2
contributes,2
complexities,2
2003,2
superripe,2
precise,2
prevails,2
beyond,2
mulberry,2
benefits,2
developed,2
ago,2
dose,2
46,2
signs,2
imported,2
bruised,2
cantaloupe,2
austere,2
lushness,2
hefty,2
road,2
heavier,2
slices,2
project,2
regions,2
darkchocolate,2
smashed,2
yountville,2
finest,2
woodaged,2
creates,2
campfire,2
bourbon,2
massive,2
approachably,2
alentejo,2
morello,2
parcels,2
maybe,2
excess,2
19th,2
century,2
under,2
textbook,2
creek,2
larger,2
itll,2
maintains,2
persists,2
invigorating,2
lip,2
meld,2
pushy,2
buoyed,2
upon,2
enduring,2
alto,2
adige,2
steady,2
night,2
carob,2
impact,2
coastal,2
folks,2
enriched,2
torrontés,2
coast,2
elevated,2
bisquertt,2
merlots,2
cider,2
corvina,2
rondinella,2
reflects,2
sensation,2
heaviness,2
tuscanys,2
now–2019,2
eastern,2
st,2
helena,2
spiciness,2
mélange,2
ply,2
salinity,2
allowed,2
flowery,2
marzipan,2
package,2
dustiness,2
sinewy,2
whitefruit,2
7,2
opened,2
rock,2
crème,2
emerging,2
includes,2
4,2
furmint,2
unwind,2
bartlett,2
stout,2
extreme,2
unfold,2
thoroughly,2
components,2
poultry,2
interspersed,2
past,2
melted,2
sprinkled,2
wellripened,2
loses,2
amber,2
soapy,2
gum,2
jumpy,2
piefilling,2
abundant,2
suggestion,2
array,2
settle,2
staying,2
reminiscent,2
stay,2
18,2
11,2
florals,2
tag,2
transition,2
23,2
bittersweet,2
expresses,2
spare,2
amarone,2
goldenamber,2
friulano,2
dinners,2
partially,2
measured,2
pinch,2
absolutely,2
real,2
oakfermented,2
words,2
lamb,2
eight,2
punctuated,2
ridge,2
clay,2
thickness,2
spine,2
wonderful,2
garnacha,2
decidedly,2
celebrity,2
initially,2
trademark,2
calls,2
near,2
term,2
welcoming,2
showcases,2
obvious,2
shellfish,2
roero,2
liqueur,2
minutes,2
subzone,2
varietys,2
meals,2
compared,2
large,2
breathe,2
muscadelle,2
fiery,2
familiar,2
rounds,2
air,2
settles,2
wash,2
finger,2
afternoon,2
conegliano,2
face,2
cookie,2
coating,2
beer,2
among,2
gewürztraminers,2
category,2
bubbling,2
fleeting,2
pumpkin,2
squash,2
sautéed,2
rancio,2
amazingly,2
mossy,2
maple,2
spry,2
silken,2
now–2030,2
reveal,2
hungarian,2
stunner,2
canned,2
cloying,2
incredibly,2
crafted,2
russian,2
conveys,2
2024,2
whiffs,2
historic,2
unleashing,2
remain,2
decades,2
ages,2
crus,2
gravitas,2
winderlea,2
2030,2
knockout,2
now–2025,2
dance,2
popping,2
effortlessly,2
traces,2
cleanses,2
balances,2
appropriately,2
comfortable,2
aggressive,2
currently,2
attention,2
gewürztraminer,2
shading,2
lemons,2
smelling,2
lasts,2
berrycherry,2
runs,2
sure,2
decent,2
masks,2
wellpriced,2
watery,2
sweaty,2
ideally,2
proseccos,2
recalls,2
practices,2
characters,2
du,2
zestiness,2
ideal,2
colors,2
cleancut,2
ice,2
cement,2
easytodrink,2
crumble,2
undertone,2
energy,2
scattered,2
bottled,2
lightfooted,2
feather,2
stephen,2
cellars,2
roussanne,2
secondary,2
development,2
lick,2
day,2
continues,2
affordable,2
question,2
deliciousness,2
estategrown,2
combine,2
lanolin,2
metal,2
lusciously,2
kabinett,2
fade,2
awkward,2
tuscan,2
percentage,2
superior,2
persimmons,2
unripeness,2
scour,2
fatty,2
verduzzo,2
window,2
creaminess,2
brightness,2
satisfyingly,2
semisweet,2
tame,2
introduce,2
gracefully,2
blowsy,2
verdelho,2
swirl,2
yielding,2
couple,2
tire,2
ribolla,2
gialla,2
defining,2
wahluke,2
chalk,2
tense,2
delicacy,2
grace,2
youth,2
premier,2
dessert,2
carrying,2
amped,2
push,2
mode,2
liquorous,2
factor,2
iconic,2
gently,2
soughtafter,2
iodine,2
airing,2
sparklers,2
native,2
present,2
notions,2
30yearold,2
wädenswil,2
paired,2
pasos,2
19,2
sesame,2
showcasing,2
letting,2
unveil,2
self,2
appellations,2
mighty,2
stick,2
provence,2
owners,2
fruitforward,2
word,2
block,2
unlikely,2
seductive,2
jump,2
kinds,2
blackasnight,2
shiitake,2
standout,2
getgo,2
persist,2
life,2
brine,2
silkysmooth,2
onenote,2
bringing,2
party,2
major,2
success,2
veltliner,2
see,2
plentiful,2
considering,2
hangs,2
yeastiness,2
discover,2
recalling,2
bring,2
indigenous,2
deft,2
hands,2
integrates,2
stuffing,2
redfruit,2
labeled,2
blancs,2
prickle,2
possible,2
boosted,2
tartness,2
edna,2
mainly,2
85,2
garganega,2
segues,2
delivering,2
santa,2
hills,2
pillowy,2
oldest,2
patience,2
viura,2
indicates,2
verge,2
gewurztraminer,2
rieslings,2
higher,2
struggles,2
popcorn,2
chalkiness,2
pommard,2
spoton,2
landscape,2
spray,2
contrasting,2
challenging,2
laid,2
zins,2
expansive,2
smoothly,2
veering,2
wildberry,2
loamy,2
virgin,2
carneros,2
notion,2
definition,2
seared,2
25,2
jerky,2
bouschet,2
17,2
iris,2
marlborough,2
truly,2
45,2
burst,2
now–2018,2
sawdust,2
powdered,2
contrasts,2
turns,2
spunky,2
youre,2
pointed,2
shoots,2
prime,2
significantly,2
works,2
surely,2
particular,2
stewy,2
abv,2
lasting,2
swathes,2
sweeter,2
tinged,2
22,2
unusually,2
sensations,2
suit,2
quiet,2
sugary,2
signals,2
shot,2
intriguingly,2
hazelnut,2
redcurrant,2
various,2
considerable,2
95,2
frankly,2
pea,2
possesses,2
lake,2
muscle,2
noticeable,2
firmer,2
results,2
barossa,2
brimstone,1
unripened,1
flesh,1
pokes,1
underscoring,1
honeydrizzled,1
semidry,1
unfussy,1
country,1
stew,1
navarran,1
horseradish,1
tomatoey,1
profusion,1
sunnier,1
footprint,1
envelopes,1
accessibility,1
abrupt,1
building,1
150,1
generations,1
tradition,1
trends,1
prove,1
mineraltoned,1
feed,1
respectable,1
thickens,1
apparent,1
darkberry,1
smoldering,1
desiccated,1
tinto,1
woodspice,1
sit,1
hickory,1
forceful,1
oakbased,1
pervade,1
riding,1
specked,1
levity,1
available,1
drinknow,1
restaved,1
indicated,1
geneseo,1
tempt,1
tension,1
emerges,1
vineyarddesignated,1
highelevation,1
steeped,1
scorched,1
clarksburg,1
haven,1
blessed,1
fettuccine,1
roast,1
calanìca,1
grilloviognier,1
yellowfruit,1
commendable,1
erath,1
designates,1
unripe,1
impressions,1
passes,1
tomatoes,1
chunkyfeeling,1
powdery,1
greener,1
rum,1
movement,1
organic,1
printed,1
recycled,1
paper,1
catarratto,1
instant,1
likeability,1
sweetens,1
ham,1
sections,1
finessed,1
latch,1
eccentric,1
spaghetti,1
con,1
vongole,1
resembles,1
paradigm,1
sprinkling,1
graham,1
cracker,1
fist,1
apricotglazed,1
readytodrink,1
silvas,1
2009,1
flight,1
grittiness,1
cantmiss,1
monica,1
nerello,1
mascalese,1
jellylike,1
bounty,1
revs,1
authentic,1
indeterminate,1
hued,1
pliant,1
quinine,1
rainy,1
sidewalk,1
chablis,1
volatile,1
spicysmoky,1
deny,1
cooperative,1
aÿ,1
fruited,1
cannedcorn,1
overweighted,1
robustly,1
swimming,1
rustically,1
nights,1
crowds,1
designate,1
2000,1
hit,1
puckering,1
boldness,1
understatement,1
additions,1
intensified,1
cashew,1
rosés,1
bleeding,1
fermenter,1
technique,1
undemanding,1
typically,1
accessible—with,1
barrelheavy,1
wear,1
makeup,1
bland,1
weak,1
free,1
flow,1
apéritif—light,1
copper,1
exudes,1
muskmelon,1
summertime,1
refreshment,1
conceived,1
savoriness,1
primarily,1
dough,1
type,1
perceptible,1
coastalgrown,1
wrap,1
represented,1
except,1
strengthens,1
chewiness,1
characterizes,1
ivy,1
footed,1
times,1
ageworthiness,1
negociant,1
house,1
wisp,1
extends,1
bristling,1
register,1
redbordeaux,1
complements,1
gris,1
briskly,1
nimble,1
accentuated,1
composition,1
renano,1
coyote,1
snaps,1
dr,1
brouilly,1
blackplum,1
pouch,1
begs,1
vermentino,1
candia,1
aromatica,1
manseng,1
51,1
49,1
poached,1
lady,1
ginlike,1
converging,1
woven,1
sizzle,1
acitity,1
teethcoating,1
mediumgold,1
backward,1
turkish,1
delight,1
mid,1
returns,1
repay,1
alexander,1
influence,1
burgundianstyle,1
rockpile,1
volume,1
negotiable,1
richest,1
roughly,1
now2018,1
accounts,1
smaller,1
etienne,1
riche,1
total,1
specialist,1
5000,1
boutique,1
cabernets,1
stars,1
twist,1
mediumbody,1
blood,1
bruiser,1
vie,1
it´s,1
reap,1
ten,1
minute,1
period,1
cabernetdominated,1
98,1
underly,1
contribute,1
ribbon,1
flagship,1
founded,1
spatz,1
sperling,1
einaudis,1
improving,1
lately,1
conditions,1
didnt,1
peter,1
stayed,1
culminating,1
hasnt,1
browning,1
veer,1
dangerously,1
prune—no,1
doubt,1
product,1
exceedingly,1
acadia,1
imports,1
essential,1
compote,1
ultraripe,1
following,1
showed,1
finesse,1
liquer,1
melds,1
mushroomy,1
ultradry,1
kaffir,1
palatecleansing,1
sommeliers,1
palette,1
highertoned,1
amid,1
girth,1
brothers,1
longtime,1
salinas,1
farmers,1
wellfunded,1
rounding,1
sesameoil,1
newest,1
properties,1
discloses,1
blackcurrantjelly,1
sexy,1
resonate,1
enhanced,1
burned,1
revealing,1
celebrate,1
lança,1
generation,1
charge,1
rainonslate,1
tactile,1
buzz,1
camphor,1
glaze,1
gooey,1
condensed,1
ensures,1
2018–2027,1
horsehide,1
pointy,1
energetic,1
bradley,1
browns,1
roastbeef,1
relies,1
electrifying,1
highintensity,1
sweeten,1
nervetingling,1
ripples,1
hotcountry,1
lowyield,1
vincens,1
source,1
superrich,1
76,1
24,1
wallop,1
cinnamonstick,1
puree,1
arise,1
requiring,1
reach,1
surf,1
sizzling,1
honeydust,1
2018–2034,1
donated,1
charitable,1
hospital,1
attraction,1
ornate,1
1926,1
creosote,1
sheds,1
oakheavy,1
patented,1
field,1
brush,1
maipo,1
promises,1
bones,1
awhile,1
rector,1
rocky,1
alluvial,1
morelli,1
lane,1
widdoes,1
duttons,1
vineyarddesignates,1
cranberryraspberry,1
crystalline,1
fritz,1
haags,1
irresistably,1
melonrind,1
smacking,1
honeylemon,1
citrusfocused,1
smackingly,1
reverberate,1
maule,1
ride,1
stoneleigh,1
traditionally,1
favors,1
mountainous,1
havent,1
know,1
saw,1
2001,1
magnetic,1
boring,1
325,1
forth,1
continuous,1
manner,1
moonless,1
superpeppery,1
relief,1
likelihood,1
cocoon,1
50year,1
reminder,1
meringue,1
mouthwateringly,1
genuine,1
brunello,1
montalcino,1
because,1
rises,1
masses,1
firms,1
hangtime,1
nectarines,1
joined,1
share,1
manifested,1
interestingly,1
rings,1
cost,1
arm,1
leg,1
virtue,1
explodes,1
huge—almost,1
much—emphasis,1
seeing,1
chile,1
excels,1
telltale,1
casablanca,1
plate,1
creamier,1
qualify,1
littleknown,1
padthaway,1
raisined,1
mouthfilling—an,1
consume,1
citrusdominated,1
counterbalance,1
mesquite,1
pancole,1
popular,1
vernaccia,1
san,1
gimignano,1
beatifully,1
nottoofullbodied,1
2400,1
sierra,1
evolving,1
gala,1
jumper,1
notably,1
belongs,1
legendary,1
jerry,1
lohr,1
emphasizing,1
lemongrass,1
oxidative,1
sides,1
botanical,1
juniperlaced,1
extraordiary,1
solidly,1
highlevel,1
mellowed,1
understated,1
leatherytextured,1
vine,1
heritage,1
54,1
provoking,1
imbued,1
adhesive,1
bandage,1
anjoy,1
toastedoak,1
storm,1
2020–2025,1
nonspecific,1
pile,1
21,1
loam,1
lava,1
slowing,1
mourvèdre,1
counoise,1
playing,1
role,1
bulb,1
scene,1
everapparent,1
tapers,1
pomegranateimbued,1
2019–2025,1
baga,1
deceptively,1
beloved,1
kalon,1
tokaj,1
delightful,1
underlie,1
tropically,1
mcintosh,1
energizing,1
2018–2023,1
energize,1
roadtar,1
jagged,1
seam,1
expressed,1
flabby,1
challah,1
check,1
ruby,1
belies,1
origins,1
gewürtz,1
outweighs,1
prettier,1
pulsing,1
imperceptible,1
odd,1
acetic,1
diesel,1
somehow,1
offputting,1
atypical,1
dirt,1
bark,1
dish,1
bourgogne,1
unassuming,1
eventually,1
disappointment,1
performance,1
stirred,1
caramelization,1
overcharred,1
shriveled,1
imagines,1
australian,1
settlers,1
gulped,1
down—big,1
mintaccented,1
jangly,1
veers,1
raisins,1
ugni,1
used,1
armagnac,1
brandy,1
unpleasantly,1
juiciness,1
earlier,1
wellmaded,1
chewing,1
mass,1
exactly,1
worldclass,1
admirable,1
boxwood,1
assembled,1
lesser,1
jellied,1
inexpensive,1
hill,1
flavors—tomato,1
either,1
foothills,1
ground,1
childish,1
gumball,1
rests,1
refinement,1
track,1
record,1
dryish,1
esterlinas,1
perfumey,1
soul,1
gathers,1
easypleasing,1
swallow,1
cabernetbased,1
shame,1
superb,1
graced,1
flood,1
swathe,1
2–3,1
drum,1
campari,1
budging,1
moment,1
beaver,1
variation,1
fairytale,1
41,1
36,1
trading,1
favor,1
gratification,1
forrest,1
shortly,1
transitions,1
frosting,1
under15,1
corte,1
grechetto,1
homeland,1
italys,1
reds,1
ripasso,1
blackfruited,1
comfortably,1
ensconsed,1
cushion,1
greece,1
dimension,1
clams,1
qualities,1
define,1
tempranilloled,1
active,1
thorough,1
curry,1
average,1
butt,1
drily,1
sufficient,1
artsy,1
honeylike,1
absolute,1
texturethere,1
contrast,1
cambria,1
pricequality,1
ratio,1
describe,1
risotto,1
2015–2024,1
bella,1
vida,1
replaces,1
abbey,1
pizzazz,1
releases,1
uncommon,1
onequarter,1
echoes,1
showered,1
6–8,1
stud,1
acústic,1
stable,1
carignan,1
braó,1
cuts,1
philippe,1
melka,1
approacheable,1
bet,1
potential—you,1
tell,1
afterntaste,1
sagrantino,1
sagrantinos,1
raisining,1
minus,1
opt,1
filter,1
classy,1
throw,1
punches,1
lusciousness,1
paso,1
robles,1
peeking,1
proper,1
layering,1
foresty,1
foxiness,1
pinay,1
ephemeral,1
instantly,1
allstainless,1
133,1
nebbiolobased,1
cantina,1
dei,1
pulp,1
nizza,1
asti,1
characteristic,1
mendocino,1
romanian,1
unbeatable,1
bargain,1
fullerbodied,1
formal,1
barbaresco,1
shadings,1
casks,1
braised,1
quail,1
tenderloin,1
verges,1
now2014,1
coat,1
hours,1
rabino,1
presents,1
ensemble,1
capped,1
jaggy,1
foam,1
pineappleflavored,1
strange,1
clangy,1
paladin,1
northeast,1
bees,1
peachlike,1
aftertastes,1
according,1
principles,1
interpretation,1
fizz,1
sodalike,1
puff,1
wintergreen,1
tells,1
degrees,1
valdobbiadene,1
poise,1
alone,1
foaming,1
resemblance,1
crackers,1
vivacious,1
wouldnt,1
call,1
noissues,1
attitude,1
content,1
honeysuckles,1
fruitysugary,1
rhônestyle,1
frosted,1
embellished,1
characterized,1
representing,1
peppermint,1
frothy,1
explain,1
peanuts,1
harsh,1
mentholated,1
breezy,1
thin,1
dissipating,1
spoiled,1
chill,1
drastically,1
toned,1
hinting,1
distracting,1
fullthrottled,1
descent,1
pn,1
corn,1
chips,1
stale,1
acceptable,1
weird,1
unbalanced,1
mealy,1
vegetables,1
material,1
fragility,1
indefinitely,1
coffeebrown,1
delectable,1
enormous,1
avoids,1
excessive,1
endless,1
cave,1
saffronspiced,1
juxtaposed,1
unctuously,1
penetrates,1
whisper,1
mahogany,1
enlivened,1
terrific,1
runrig,1
disappoint,1
regard,1
mixing,1
baconymeaty,1
supremely,1
stunning,1
2022–2035,1
ambercolored,1
tarte,1
tatin,1
clover,1
appreciate,1
citruskissed,1
lies,1
deliriously,1
memorable,1
tightness,1
elixir,1
vivaciously,1
glazing,1
textures,1
gossamer,1
tulle,1
endlessly,1
oneacre,1
torrent,1
memory,1
apt,1
descriptors,1
heathcotes,1
same—dark,1
clos,1
vougeot,1
fresher,1
honeysweet,1
auslese,1
wafts,1
collide,1
falling,1
strike,1
peppered,1
brightly,1
montrachet,1
grew,1
hemp,1
hence,1
cheneve,1
allied,1
tapenade,1
merge,1
underlying,1
impeccably,1
2018–2028,1
woman—a,1
pioneer,1
valley—was,1
herself,1
diamond,1
handrolled,1
fabled,1
weber,1
lineup,1
jammed,1
annotated,1
gunmetal,1
candidate,1
taylor,1
selected,1
clare,1
affinity,1
oaky—full,1
coconut—but,1
immense,1
spends,1
liquid,1
chèvres,1
lay,1
carpet,1
freshgrained,1
vital,1
broiled,1
flows,1
picks,1
gruyère,1
again,1
taster,1
measure,1
herbeceous,1
irresistibly,1
juiciest,1
tiniest,1
manages,1
showcase,1
lightweight,1
format,1
welljudged,1
roselike,1
helping,1
greens,1
wouldve,1
mexico,1
nosiola,1
dog,1
legs,1
batch,1
coffeelike,1
walltowall,1
occasion,1
testament,1
alive,1
biancos,1
faded,1
impersonate,1
model,1
acidty,1
firstrate,1
todays,1
midterm,1
versatile,1
drizzled,1
oriental,1
californias,1
mixture,1
ager,1
melons,1
presented,1
editors,1
choice,1
bat,1
applause,1
clarity,1
weakling,1
contrary,1
wont,1
technically,1
smell,1
current,1
meant,1
16thcentury,1
abbess,1
rylint,1
formentini,1
ultrasmooth,1
porty,1
presence,1
sb,1
morph,1
done,1
cardboard,1
started,1
transparent,1
nondoc,1
candylike,1
formerly,1
doing,1
business,1
tint,1
grapey,1
brims,1
driving,1
timid,1
ordinary,1
mashed,1
cherryskins,1
prosciutto,1
pearflavored,1
pit,1
par,1
flaccid,1
flexibility,1
cuisine,1
indonesian,1
fowl,1
canah,1
fatter,1
denser,1
nofuss,1
farreaching,1
talc,1
playful,1
appetizer,1
friends,1
lazy,1
grassyherbal,1
werner,1
michlits,1
fifth,1
gonfrier,1
owns,1
influences,1
ciel,1
cheval,1
conner,1
lee,1
obelisco,1
stonetree,1
greenness,1
becomes,1
bosc,1
arugula,1
seguing,1
summertofall,1
porch,1
foxy,1
elastic,1
warming,1
traditionalmethod,1
mousse,1
raspberrycandy,1
acquire,1
counterpoint,1
limepeel,1
darkblue,1
freshsqueezed,1
wetcement,1
veteran,1
adam,1
tolmach,1
tempranillobased,1
pinkie,1
shave,1
sorts,1
jolly,1
rancher,1
seemingly,1
concrete,1
eggshaped,1
vats,1
tempting,1
confiture,1
superclean,1
ranches,1
seamless,1
introduction,1
locked,1
tender,1
pulled,1
fashion,1
fringed,1
bare,1
unctuousness,1
unleash,1
swing,1
tingling,1
steve,1
dooley,1
ross,1
coated,1
exterior,1
tighter,1
clairette,1
broadening,1
aligi,1
sassu,1
jacquart,1
montaudon,1
classe,1
m,1
toastiness,1
vino,1
nobile,1
class,1
delicatio,1
slopes,1
meursault,1
bottleaged,1
greenapple,1
flavors—notes,1
cookies—as,1
250,1
gl,1
carmelized,1
theyre,1
wisely,1
kept,1
chardonnays,1
thickly,1
moussed,1
roederers,1
marriage,1
constructed,1
ageability,1
thrilling,1
silk,1
satin,1
franciacortas,1
gran,1
pas,1
operé,1
bottledaged,1
marvelous,1
tickles,1
sensuously,1
never,1
sight,1
remarkable,1
maturity,1
yield,1
unabashedly,1
envigorates,1
morar,1
mingled,1
dancing,1
thicket,1
briar,1
bramble—one,1
say,1
thistle—wrapped,1
gun,1
warms,1
pat,1
left,1
decade,1
shocking,1
fullthroated,1
supports,1
underlay,1
side—rounded,1
anchored,1
lightened,1
secondaryfruit,1
beckstoffer,1
georges,1
iii,1
funny,1
doldrums,1
clearly,1
rigidly,1
super,1
begin,1
pomerols,1
needing,1
beware,1
secured,1
precariously,1
must,1
garnetruby,1
stella,1
mae,1
sparkman,1
portfolio,1
146,1
cannonaubased,1
glimmer,1
bulky,1
compensates,1
garrigue,1
braises,1
stews,1
friuli,1
grave,1
stellar,1
salvia,1
eggy,1
creamedapple,1
shaft,1
cofermented,1
welcome,1
rivers,1
geoff,1
tate,1
insania,1
actually,1
deftly,1
boost,1
el,1
dorado,1
sings,1
midweek,1
cuddly,1
qulaity,1
itss,1
lemonzest,1
nuts—like,1
almonds—it,1
sweet—a,1
performer,1
hanna,1
efforts,1
côtes,1
cherryberry,1
grating,1
darkness,1
captures,1
reflecting,1
abbreviated,1
growing,1
season,1
crafting,1
annotate,1
thread,1
74,1
howell,1
sizably,1
balm,1
energized,1
ciderlike,1
potentially,1
orangelike,1
splendid,1
defiantly,1
searing,1
cushions,1
nervy,1
leans,1
speak,1
overflows,1
highlighted,1
uplifted,1
breadth,1
figure,1
desiring,1
beginnings,1
commingling,1
unraveling,1
glorious,1
celebration,1
walled,1
owned,1
bishop,1
number,1
producer—and,1
effusive,1
bob,1
lindquist,1
vintner,1
america,1
marsanne,1
straw,1
mats,1
steadily,1
grows,1
cotton,1
stuff,1
garden,1
sims,1
kahlua,1
suitable,1
ribs,1
burger,1
rush,1
effervescent,1
carbonation,1
yum,1
expert,1
mid2020s,1
scheurebe—one,1
germanys,1
lesserknown,1
wittmanns,1
contrasted,1
bee,1
preference,1
champagnes,1
softening,1
westside,1
slip,1
crop,1
56,1
prior,1
disgorging,1
cucumber,1
odds,1
scott,1
shull,1
raptor,1
consults,1
filet,1
entwined,1
followthrough,1
excellently,1
umami,1
olie,1
delightfully,1
63,1
übersmooth,1
allows,1
bolder,1
elkton,1
ava,1
sassafras,1
proportioned,1
scope,1
descend,1
funk,1
grapeseeds,1
gingerbread,1
ironpowered,1
westernmost,1
gamey,1
musky,1
needles,1
beg,1
sizable,1
expressions,1
beauty,1
vanguards,1
62,1
elderberryblackberry,1
tease,1
lurking,1
bricks,1
highest,1
westerly,1
lacings,1
tremendous,1
2018–2026,1
highestelevation,1
veeder,1
surprise,1
salted,1
pagani,1
1895,1
study,1
rusticity,1
jolt,1
rears,1
head,1
compete,1
remote,1
lubéron,1
mountains,1
gains,1
negrel,1
ranging,1
discovery,1
champoux,1
fill,1
shamelessly,1
premium,1
surrounding,1
strongboned,1
rdd,1
manageable,1
dennis,1
martin,1
millers,1
nod,1
importance,1
hibiscuslaced,1
cranberries,1
rattle,1
numerous,1
blanched,1
soothing,1
propertys,1
opaque,1
maintain,1
beguiling,1
headpruned,1
older,1
purpose,1
school,1
oodles,1
proteins,1
boisterous,1
elias,1
fernandez,1
doug,1
shafer,1
macaroon,1
substantiate,1
unexpected,1
sarsaparilla,1
earthdriven,1
rocks,1
needle,1
spicing,1
excitingly,1
peppercorns,1
picked,1
elderberries,1
hoisin,1
magic,1
porcini,1
truffles,1
cherrychocolate,1
gravy,1
concoction,1
gas,1
classically,1
rendered,1
bursts,1
vanillafilled,1
handed,1
overachieving,1
located,1
inland,1
arrives,1
bend,1
nevertheless,1
enable,1
shade,1
juxtaposing,1
clingy,1
oneofakind,1
state,1
lightorange,1
leap,1
strain,1
rooibos,1
diffuse,1
await,1
underneath,1
treat,1
crowd,1
pleaser,1
smudge,1
cover,1
fruitdriven,1
mining,1
town,1
pozo,1
tightens,1
smartly,1
anjou,1
peardrop,1
brightening,1
liveliness,1
upandcoming,1
hovers,1
restricts,1
refreshing—ideal,1
load,1
dressed,1
panwashington,1
columbia,1
styled,1
cretan,1
lyrarakis,1
altitude,1
shines,1
focusing,1
pleasurable,1
cohesive,1
milkchocolate,1
barbecues,1
familystyle,1
dustings,1
gavi,1
nicest,1
general,1
bajas,1
performers,1
nettle,1
haul,1
chock,1
ruffle,1
feathery,1
matched,1
punchy,1
pushed,1
steelhead,1
ox,1
herbdominant,1
orangezest,1
sappy,1
supporting,1
crashing,1
predict,1
persimmon,1
dynamic,1
sisters,1
territorydriven,1
scored,1
87,1
pour,1
fridge,1
develops,1
considerably,1
jarring,1
superiore,1
chardonnaybased,1
piedmont,1
sourcherry,1
dash,1
sawtooth,1
skyline,1
petites,1
nez,1
perce,1
clearwater,1
thrown,1
getting,1
attenuated,1
sees,1
offgold,1
nectar,1
ashy,1
nearing,1
bother,1
aside,1
soymarinated,1
chargrilled,1
now2030,1
intended,1
experiment,1
creativity,1
involves,1
rita,1
rewards,1
adorn,1
emphasizes,1
hidden,1
altogether,1
carameltinged,1
moreish,1
joyful,1
mirabelle,1
constitute,1
chief,1
carried,1
ever,1
seeming,1
fruit—tangerine,1
apricot—and,1
gingery,1
twoacre,1
amazing,1
1910,1
blacks,1
conjuring,1
topped,1
whipped,1
buoys,1
proceedings,1
grain,1
sherry,1
excel,1
torbreck,1
sometimes,1
controversial,1
fudgelike,1
joins,1
coplanted,1
smashing,1
duo,1
polar,1
opposites,1
straightlaced,1
playfulness,1
charm,1
lit,1
worlds,1
lemonscented,1
drenched,1
purest,1
2016–2020,1
mere,1
welllit,1
space,1
definite,1
pull,1
plane,1
yields,1
tend,1
dryfarmed,1
during,1
drought,1
fantastic,1
browned,1
meyerlemon,1
texturally,1
completely,1
stainlessfermented,1
blockbuster,1
intoxication,1
edginess,1
slatelike,1
master,1
luis,1
duarte,1
broadened,1
mintchip,1
combined,1
welldefined,1
detailed,1
suspension,1
speaks,1
stillyoung,1
percent,1
venture,1
created,1
joão,1
nicolau,1
dalmeida,1
ramospinto,1
perfumes,1
spätlese,1
exhilarating,1
bites,1
smidgen,1
exalted,1
waiting,1
companionship,1
radiant,1
sorbet,1
tastings,1
western,1
australia,1
sherbet,1
consider,1
holding,1
fogsoaked,1
brazil,1
bed,1
lets,1
inflects,1
subtly,1
pulling,1
sharpedged,1
reservelevel,1
2020–2030,1
sky,1
grounded,1
vanillalayered,1
higherwire,1
king,1
midway,1
livelier,1
palatecleanser,1
oysters,1
herbed,1
goat,1
2016–2021,1
justice,1
dolcetto,1
kitchen,1
cooking,1
warmvintage,1
reticent,1
recent,1
hair,1
spritzy,1
razorsharp,1
mediumtofull,1
buoyantly,1
brashly,1
uniquely,1
seedless,1
tendency,1
exuberant,1
palatecoating,1
checks,1
boxes,1
correctness,1
mastered,1
jolts,1
meanders,1
similarly,1
sibling,1
roths,1
distinctly,1
sweettart,1
finefooted,1
fullflavored,1
stays,1
knoll,1
oft,1
chilly,1
cooler,1
complemented,1
fruitier,1
2017–2020,1
pierce,1
otis,1
harlan,1
rattlesnake,1
2016–2022,1
yakima,1
interplay,1
please,1
everyone,1
foggy,1
shaded,1
freestone,1
strawyellow,1
35yearold,1
yogurt,1
evenkeeled,1
dairy,1
mounds,1
bar,1
highdesert,1
cuyama,1
slatedriven,1
superfine,1
zweigelt,1
cabernetmerlot,1
deepcolored,1
swagger,1
step,1
brash,1
slowcooked,1
osso,1
buco,1
supportive,1
ciliegiolo,1
straddles,1
bulk,1
dillons,1
subregion,1
examples,1
hew,1
mold,1
mannered,1
citrus—think,1
grapefruit—and,1
lipsmacking,1
zing,1
predominate,1
brownie,1
hoja,1
topflight,1
released,1
châteauneufdupape,1
montredon,1
2500,1
saint,1
tropez,1
peninsula,1
adquate,1
partner,1
clementine,1
benefit,1
hitting,1
strides,1
surly,1
coiled,1
fermentation,1
underbelly,1
compellingly,1
leaned,1
resolved,1
carricks,1
entrylevel,1
2017–2025,1
worldwide,1
jcb,1
brand,1
boisset,1
burgundy,1
sumptuous,1
heading,1
direction,1
soupy,1
mushy,1
angular,1
ringing,1
affords,1
abruptly,1
colored,1
initial,1
correct,1
midlevel,1
creamed,1
missing,1
looks,1
lightest,1
fern,1
came,1
miss,1
hollow,1
raspberryflavored,1
suggestive,1
thus,1
edgy,1
related,1
scraping,1
largely,1
veil,1
sold,1
creeps,1
tuesday,1
beaujolais,1
mâcon,1
perception,1
pushingtheenvelope,1
minestrone,1
soup,1
glazed,1
bottles,1
vidigueira,1
cleanly,1
icewine,1
larga,1
soar,1
autumn,1
elaborate,1
blows,1
fit,1
salmon,1
skewer,1
peppers,1
onions,1
sangria,1
anderson,1
gingersnap,1
cookies,1
score,1
excited,1
described,1
burgundian,1
temecula,1
goal,1
oakiness,1
derived,1
barrelaging,1
meek,1
156,1
brief,1
prickly,1
sharpness,1
rueda,1
standards,1
special,1
outright,1
raisinskin,1
silky—just,1
expected,1
underscores,1
prettily,1
interwoven,1
strands,1
burgeoning,1
tasmania,1
competent,1
ask,1
mcwilliams,1
definitely,1
overtly,1
aglianico,1
proves,1
easier,1
naturally,1
wine—formerly,1
crémant,1
cramant—is,1
horse,1
intricate,1
fight,1
sealing,1
lorna,1
marie,1
patton,1
lower,1
advantage,1
veins,1
paid,1
tempered,1
creating,1
harmony,1
exude,1
carmel,1
adelsheim,1
singlevineyard,1
accompanies,1
spark,1
heated,1
discussion,1
disgorged,1
july,1
vin,1
santos,1
caratelli,1
landmark,1
love,1
move,1
laetitia,1
utterly,1
throwing,1
sediment,1
joy,1
pinhão,1
155,1
closing,1
stuffed,1
salta,1
forms,1
intertwined,1
yuzu,1
thirst,1
quenching,1
unmistakable,1
ownrooted,1
scented,1
mentholeucalyptus,1
vegetative,1
66,1
attributes,1
group,1
chateaus,1
corbin,1
names,1
overextraction,1
said,1
55,1
progress,1
23acreestate,1
situated,1
margaux,1
classed,1
growth,1
giscours,1
classified,1
ability,1
offsetting,1
charcoal,1
blackpepper,1
caveaged,1
american,1
christmas,1
swims,1
decadence,1
centered,1
livens,1
enchanting,1
demonstrating,1
replete,1
want,1
sausages,1
sauerkraut,1
practically,1
oozes,1
corner,1
stirring,1
sole,1
striking,1
flurry,1
serves,1
overloaded,1
confectionary,1
shakes,1
decanter,1
enjoying,1
silvaner,1
clings,1
59,1
mataro,1
now–2022,1
fades,1
rosebud,1
demure,1
nervous,1
pinched,1
narrow,1
friendliness,1
lumbers,1
bready,1
main,1
greenherb,1
evident,1
dries,1
eastside,1
cahors,1
judge,1
wall,1
pulls,1
firmness,1
100yearold,1
merest,1
blow,1
deepdish,1
covered,1
toppings,1
wiry,1
matchstick,1
assaulting,1
listed,1
flair,1
dashes,1
crack,1
encased,1
shell,1
aerator,1
pebble,1
faintest,1
stoniness,1
pinotness,1
undeniable,1
convey,1
autumnal,1
evokes,1
forests,1
furred,1
feathered,1
newwood,1
integrate,1
14,1
dandelion,1
spicily,1
phenolic,1
central,1
brightens,1
kissed,1
dancingly,1
swirls,1
orangepeel,1
brûlée,1
smart,1
pineapplelaced,1
lifts,1
balsamicblackberry,1
paramount,1
foreboding,1
sultry,1
hung,1
incense,1
spanish,1
bakingspice,1
airy,1
simmering,1
us,1
market,1
berried,1
frühburgunder,1
ripening,1
mutation,1
tannic—almost,1
serve,1
summers,1
bowl,1
undertheradar,1
studies,1
ironbased,1
chipped,1
theme,1
rarity,1
heads,1
stones,1
sum,1
86,1
9,1
kabar,1
gardenia,1
prepare,1
sousão,1
latest,1
partnership,1
roquette,1
quinta,1
crasto,1
cazes,1
lynchbages,1
austerely,1
vall,1
llachs,1
07,1
heavyweight,1
tuscany,1
wellmeasured,1
clines,1
mushu,1
arent,1
mellows,1
fierce,1
priorat,1
satisfies,1
8020,1
sauvignoncabernet,1
longlasting,1
majority,1
requisites,1
compliment,1
grenacheheavy,1
allfruit,1
gaminess,1
patch,1
voigniers,1
flamboyant,1
mangoes,1
cloves,1
riot,1
83,1
sauvignon17,1
bordeauxstyle,1
insignificant,1
mediumgrained,1
ably,1
marrying,1
meatysavory,1
jacopo,1
biondi,1
santi,1
morellino,1
buche,1
watch,1
memento,1
introducing,1
marsiliana,1
maremma,1
prince,1
corsini,1
mazzei,1
fonterutoli,1
ovenroasted,1
taken,1
morlanda,1
reached,1
look,1
3–4,1
lily,1
kernel,1
revitalizing,1
sausage,1
transplant,1
succinct,1
lemonflavored,1
whitestone,1
dull,1
luster,1
mulchy,1
dampness,1
dealing,1
severe,1
embedded,1
appleflavored,1
moments,1
entire,1
summerearly,1
fall,1
went,1
malolactic,1
fur,1
anisette,1
pg,1
exceeds,1
expectations,1
courtesy,1
bakedapple,1
peas,1
cast,1
fernão,1
pires,1
arinto,1
semisharp,1
pits,1
spain,1
snow,1
dessertstyle,1
collection,1
disparate,1
justify,1
staunch,1
change,1
influenced,1
marmet,1
1990,1
dropped,1
greenfruit,1
wood—31,1
26,1
onceused—seems,1
rawness,1
albeit,1
prone,1
chilled,1
drawing,1
fullsize,1
divided,1
smoother,1
reedy,1
fuss,1
alcoholic,1
aerating,1
helps,1
directors,1
simplicity,1
twiceused,1
mildmannered,1
accompanied,1
mediumsized,1
abundance,1
xarello,1
i,1
granular,1
dappled,1
generoustasting,1
sweetseeming,1
clenching,1
unfurl,1
ritchie,1
renowned,1
redbellpepper,1
redplum,1
unwanted,1
pithiness,1
montagne,1
reims,1
côte,1
des,1
backdrop,1
177acre,1
graves,1
stalky,1
trebbianobased,1
garda,1
packaged,1
oversized,1
bulging,1
exaggerate,1
knocks,1
carpentry,1
shavings,1
2004,1
priced,1
idea,1
fast,1
supply,1
increased,1
konos,1
buttercup,1
away,1
dindarella—three,1
verona,1
italy—make,1
easysipping,1
awards,1
introductory,1
common,1
level,1
wade,1
clanky,1
expecting,1
okay,1
fortunately,1
venge,1
fabio,1
sireci,1
recently,1
decided,1
flex,1
smack,1
island,1
kj,1
frontloaded,1
coalesce,1
places,1
generally,1
whites,1
needed,1
vietnamese,1
burmese,1
ageable,1
middleoftheroad,1
port,1
jelly,1
softtextured,1
cloaked,1
06,1
mauro,1
europvin,1
christopher,1
cannan,1
importers,1
michael,1
skurnik,1
cantonese,1
remarkably,1
obviously,1
fer,1
servadou,1
duras,1
pedigree,1
talk,1
heather,1
prunes,1
enticingly,1
moving,1
edèlmio,1
carricante,1
swordfish,1
eggplant,1
patchwork,1
